{"cameraMode":{"drawMode":0,"name":"Shaded","section":"Shading Mode"},"sceneLighting":true,"audioPlay":false,"sceneViewState":{"showFog":false,"showMaterialUpdate":false,"showSkybox":false,"showFlares":false,"showImageEffects":false,"showParticleSystems":false},"in2DMode":false,"pivot":{"x":-29.99503517150879,"y":-9.535362243652344,"z":12.873538970947266},"rotation":{"x":0.07106665521860123,"y":-0.7819799780845642,"z":0.09072249382734299,"w":0.6125571727752686},"size":5.064927577972412,"orthographic":false}