{"cameraMode":{"drawMode":0,"name":"Shaded","section":"Shading Mode"},"sceneLighting":true,"audioPlay":false,"sceneViewState":{"showFog":false,"showMaterialUpdate":false,"showSkybox":false,"showFlares":false,"showImageEffects":false,"showParticleSystems":false},"in2DMode":false,"pivot":{"x":-23.577938079833986,"y":-8.453385353088379,"z":12.663026809692383},"rotation":{"x":0.029939116910099984,"y":0.9390748143196106,"z":-0.08474580943584442,"w":0.33175352215766909},"size":1.56654691696167,"orthographic":false}